{
    "Sols": {
        "x(0, 1, 1)": 1.0,
        "x(0, 3, 4)": 1.0,
        "x(0, 4, 5)": 1.0,
        "x(0, 5, 3)": 1.0,
        "x(0, 8, 2)": 1.0,
        "x(1, 10, 1)": 1.0,
        "x(2, 0, 1)": 1.0,
        "x(3, 0, 4)": 1.0,
        "x(4, 0, 5)": 1.0,
        "x(5, 0, 3)": 1.0,
        "x(6, 2, 1)": 1.0,
        "x(7, 9, 1)": 1.0,
        "x(8, 0, 2)": 1.0,
        "x(9, 6, 1)": 1.0,
        "x(10, 7, 1)": 1.0
    },
    "distance": {
        "(0, 1)": 43,
        "(0, 3)": 32,
        "(0, 4)": 29,
        "(0, 5)": 37,
        "(0, 8)": 50,
        "(1, 10)": 15,
        "(2, 0)": 73,
        "(3, 0)": 32,
        "(4, 0)": 29,
        "(5, 0)": 37,
        "(6, 2)": 41,
        "(7, 9)": 17,
        "(8, 0)": 50,
        "(9, 6)": 36,
        "(10, 7)": 23
    },
    "demandi": {
        "0": 0.0,
        "1": 0.5,
        "2": 0.1,
        "3": 1.0,
        "4": 0.6,
        "5": 0.9,
        "6": 0.1,
        "7": 1.0,
        "8": 0.3,
        "9": 0.7,
        "10": 0.4
    },
    "lijm": {
        "(0, 1, 1)": 2.8000000000000003,
        "(0, 3, 4)": 1.0,
        "(0, 4, 5)": 0.6,
        "(0, 5, 3)": 0.9,
        "(0, 8, 2)": 0.3,
        "(1, 10, 1)": 2.3,
        "(2, 0, 1)": 0.0,
        "(3, 0, 4)": 0.0,
        "(4, 0, 5)": 0.0,
        "(5, 0, 3)": 0.0,
        "(6, 2, 1)": 0.1,
        "(7, 9, 1)": 0.8999999999999999,
        "(8, 0, 2)": 0.0,
        "(9, 6, 1)": 0.2,
        "(10, 7, 1)": 1.9
    },
    "runtime": 6.3062
}